<?xml version="1.0" encoding="UTF-8" ?>
<!DOCTYPE mapper PUBLIC "-//mybatis.org//DTD Mapper 3.0//EN" "http://mybatis.org/dtd/mybatis-3-mapper.dtd" >
<mapper namespace="cn.com.toolWeb.mapper.EnvironmentMapper" >
    <resultMap id="BaseResultMap" type="cn.com.toolWeb.model.entity.Environment" >
        <result column="id" property="id" jdbcType="BIGINT" />
        <result column="code" property="code" jdbcType="VARCHAR" />
        <result column="name" property="name" jdbcType="VARCHAR" />
        <result column="url" property="url" jdbcType="VARCHAR" />
        <result column="port" property="port" jdbcType="VARCHAR" />
        <result column="user_name" property="userName" jdbcType="VARCHAR" />
        <result column="password" property="password" jdbcType="VARCHAR" />
        <result column="db_type" property="dbType" jdbcType="TINYINT" />
        <result column="update_time" property="updateTime" jdbcType="TIMESTAMP" />
    </resultMap>

</mapper>